<application>
  <component name="FileTypeManager" version="18">
    <extensionMap>
      <mapping pattern="TemplateType.java" type="AUTO_DETECTED" />
      <mapping pattern="EvidenteAnswerDTO" type="AUTO_DETECTED" />
      <mapping pattern="LOG_SEND_PDF_EMAIL.sql" type="AUTO_DETECTED" />
      <mapping ext="space.kts" type="Kotlin" />
      <mapping ext="gradle.kts" type="Kotlin" />
      <mapping ext="main.kts" type="Kotlin" />
      <mapping ext="propierties" type="Properties" />
      <removed_mapping ext="apk" approved="true" type="ARCHIVE" />
      <removed_mapping ext="psd" approved="true" type="Image" />
    </extensionMap>
  </component>
</application>