<application>
  <component name="GraziConfig">
    <option name="enabledLanguages">
      <set>
        <option value="English (US)" />
        <option value="Spanish" />
      </set>
    </option>
    <option name="detectionContext">
      <State>
        <option name="disabled">
          <set>
            <option value="SWEDISH" />
          </set>
        </option>
      </State>
    </option>
    <option name="checkingContext">
      <CheckingContext>
        <option name="disabledLanguages">
          <set>
            <option value="kotlin" />
          </set>
        </option>
      </CheckingContext>
    </option>
  </component>
</application>